id,title,urlkey,entrydate,recalldate,productinfo,hazard,units,manufacturer,contactinfo,photos,description,attachments,sourceid,link,approved,uploaded,approvaldate,url,categoryid,categories,tweeted,enabled
100,Recall # 22MF0295 by EBBTIDE HOLDINGS LLC,recall--22mf0295-by-ebbtide-holdings-llc,3/24/2023 18:31,7/21/2022,"21CC, 23CC/DC, 25CC Year: ",,238,EBBTIDE HOLDINGS LLC,,,"<table border=""0"" cellpadding=""1"" cellspacing=""1"" width=""100%"">
<tbody><tr>
<td align=""center"" colspan=""5""><h2></h2></td>
</tr>
<tr>
<td width=""73""> </td>
<td width=""160""> </td>
<td> </td>
<td width=""66""> </td>
<td width=""145""> </td>
</tr>
<tr>
<td><span class=""defaultFont""><strong>Number</strong></span></td>
<td><span class=""defaultFont"">22MF0295</span></td>
<td width=""1""> </td>
<td><span class=""defaultFont""><strong>MIC:</strong></span></td>
<td><span class=""defaultFont""></span></td>
</tr>
<tr>
<td><span class=""defaultFont""><strong>Company:</strong></span></td>
<td><span class=""defaultFont"">EBBTIDE HOLDINGS LLC</span></td>
<td> </td>
<td><span class=""defaultFont""><strong>Company Official:</strong></span></td>
<td><span class=""defaultFont""></span></td>
</tr>
<tr>
<td><span class=""defaultFont""><strong>Model Name:</strong></span></td>
<td><span class=""defaultFont"">21CC, 23CC/DC, 25CC</span></td>
<td> </td>
<td><span class=""defaultFont""><strong>Model Year:</strong></span></td>
<td><span class=""defaultFont""></span></td>
</tr>
<tr>
<td><span class=""defaultFont""><strong>Problem 1:</strong></span></td>
<td><span class=""defaultFont""></span></td>
<td> </td>
<td> </td>
<td> </td>
</tr>
<tr>
<td><span class=""defaultFont""><strong>Problem 2:</strong></span></td>
<td><span class=""defaultFont""></span></td>
<td> </td>
<td> </td>
<td> </td>
</tr>
<tr>
<td><span class=""defaultFont""><strong>HIN</strong></span></td>
<td><span class=""defaultFont"">SEE COMMENTS</span></td>
<td> </td>
<td><span class=""defaultFont""><strong>Case Open Date:</strong></span></td>
<td><span class=""defaultFont"">7/21/2022</span></td>
</tr>
<tr>
<td><span class=""defaultFont""><strong>Disposition:</strong></span></td>
<td><span class=""defaultFont"">Open</span></td>
<td> </td>
<td><span class=""defaultFont""><strong>Case Close Date:</strong></span></td>
<td><span class=""defaultFont""></span></td>
</tr>
<tr>
<td><span class=""defaultFont""><strong>Units</strong></span></td>
<td><span class=""defaultFont"">238</span></td>
<td> </td>
<td><span class=""defaultFont""><strong>Campaign Open Date</strong></span></td>
<td><span class=""defaultFont"">7/26/2022</span></td>
</tr>
<tr>
<td><span class=""defaultFont""><strong>Boat Type</strong></span></td>
<td><span class=""defaultFont"">12</span></td>
<td> </td>
<td><span class=""defaultFont""><strong>Campaign Close Date</strong></span></td>
<td><span class=""defaultFont""></span></td>
</tr>
<tr>
<td><span class=""defaultFont""><strong>Severity:</strong></span></td>
<td><span class=""defaultFont""></span></td>
<td> </td>
<td><span class=""defaultFont""><strong>Last Date:</strong></span></td>
<td><span class=""defaultFont"">3/9/2023</span></td>
</tr>
<tr>
<!--<td><span class=""defaultFont""><strong>Comments:</strong></span></td>
    <td colspan=""4"">&nbsp;</td>
  </tr>
  <tr>
    <td colspan=""5""><span class=""defaultFont""></span></td>-->
</tr>
</tbody></table>",NULL,6,https://uscgboating.org/content/recalls-details.php?id=22MF0295,Yes,No,3/24/2023 18:31,,0,[],No,Yes
101,Recall # 20SD0017 by MERCURY,recall--20sd0017-by-mercury,3/24/2023 18:31,8/4/2020,35-60 EFI 75-115 SEA Year: ,,768,MERCURY,,,"<table border=""0"" cellpadding=""1"" cellspacing=""1"" width=""100%"">
<tbody><tr>
<td align=""center"" colspan=""5""><h2></h2></td>
</tr>
<tr>
<td width=""73""> </td>
<td width=""160""> </td>
<td> </td>
<td width=""66""> </td>
<td width=""145""> </td>
</tr>
<tr>
<td><span class=""defaultFont""><strong>Number</strong></span></td>
<td><span class=""defaultFont"">20SD0017</span></td>
<td width=""1""> </td>
<td><span class=""defaultFont""><strong>MIC:</strong></span></td>
<td><span class=""defaultFont"">111</span></td>
</tr>
<tr>
<td><span class=""defaultFont""><strong>Company:</strong></span></td>
<td><span class=""defaultFont"">MERCURY</span></td>
<td> </td>
<td><span class=""defaultFont""><strong>Company Official:</strong></span></td>
<td><span class=""defaultFont""></span></td>
</tr>
<tr>
<td><span class=""defaultFont""><strong>Model Name:</strong></span></td>
<td><span class=""defaultFont"">35-60 EFI 75-115 SEA</span></td>
<td> </td>
<td><span class=""defaultFont""><strong>Model Year:</strong></span></td>
<td><span class=""defaultFont""></span></td>
</tr>
<tr>
<td><span class=""defaultFont""><strong>Problem 1:</strong></span></td>
<td><span class=""defaultFont""></span></td>
<td> </td>
<td> </td>
<td> </td>
</tr>
<tr>
<td><span class=""defaultFont""><strong>Problem 2:</strong></span></td>
<td><span class=""defaultFont""></span></td>
<td> </td>
<td> </td>
<td> </td>
</tr>
<tr>
<td><span class=""defaultFont""><strong>HIN</strong></span></td>
<td><span class=""defaultFont"">1CS00142</span></td>
<td> </td>
<td><span class=""defaultFont""><strong>Case Open Date:</strong></span></td>
<td><span class=""defaultFont"">8/4/2020</span></td>
</tr>
<tr>
<td><span class=""defaultFont""><strong>Disposition:</strong></span></td>
<td><span class=""defaultFont"">Open</span></td>
<td> </td>
<td><span class=""defaultFont""><strong>Case Close Date:</strong></span></td>
<td><span class=""defaultFont""></span></td>
</tr>
<tr>
<td><span class=""defaultFont""><strong>Units</strong></span></td>
<td><span class=""defaultFont"">768</span></td>
<td> </td>
<td><span class=""defaultFont""><strong>Campaign Open Date</strong></span></td>
<td><span class=""defaultFont"">8/4/2020</span></td>
</tr>
<tr>
<td><span class=""defaultFont""><strong>Boat Type</strong></span></td>
<td><span class=""defaultFont""></span></td>
<td> </td>
<td><span class=""defaultFont""><strong>Campaign Close Date</strong></span></td>
<td><span class=""defaultFont""></span></td>
</tr>
<tr>
<td><span class=""defaultFont""><strong>Severity:</strong></span></td>
<td><span class=""defaultFont""></span></td>
<td> </td>
<td><span class=""defaultFont""><strong>Last Date:</strong></span></td>
<td><span class=""defaultFont"">1/9/2023</span></td>
</tr>
<tr>
<!--<td><span class=""defaultFont""><strong>Comments:</strong></span></td>
    <td colspan=""4"">&nbsp;</td>
  </tr>
  <tr>
    <td colspan=""5""><span class=""defaultFont""></span></td>-->
</tr>
</tbody></table>",NULL,6,https://uscgboating.org/content/recalls-details.php?id=20SD0017,Yes,No,3/24/2023 18:31,,0,[],No,Yes
102,"Recall # 22MF0615 by Aviara Boats, LLC",recall--22mf0615-by-aviara-boats-llc,3/24/2023 18:31,11/29/2022,"Avaria: AV-32,36,40 Year: 2020",,244,"Aviara Boats, LLC",,,"<table border=""0"" cellpadding=""1"" cellspacing=""1"" width=""100%"">
<tbody><tr>
<td align=""center"" colspan=""5""><h2></h2></td>
</tr>
<tr>
<td width=""73""> </td>
<td width=""160""> </td>
<td> </td>
<td width=""66""> </td>
<td width=""145""> </td>
</tr>
<tr>
<td><span class=""defaultFont""><strong>Number</strong></span></td>
<td><span class=""defaultFont"">22MF0615</span></td>
<td width=""1""> </td>
<td><span class=""defaultFont""><strong>MIC:</strong></span></td>
<td><span class=""defaultFont"">AVL</span></td>
</tr>
<tr>
<td><span class=""defaultFont""><strong>Company:</strong></span></td>
<td><span class=""defaultFont"">Aviara Boats, LLC</span></td>
<td> </td>
<td><span class=""defaultFont""><strong>Company Official:</strong></span></td>
<td><span class=""defaultFont"">jlu</span></td>
</tr>
<tr>
<td><span class=""defaultFont""><strong>Model Name:</strong></span></td>
<td><span class=""defaultFont"">Avaria: AV-32,36,40</span></td>
<td> </td>
<td><span class=""defaultFont""><strong>Model Year:</strong></span></td>
<td><span class=""defaultFont"">2020</span></td>
</tr>
<tr>
<td><span class=""defaultFont""><strong>Problem 1:</strong></span></td>
<td><span class=""defaultFont""></span></td>
<td> </td>
<td> </td>
<td> </td>
</tr>
<tr>
<td><span class=""defaultFont""><strong>Problem 2:</strong></span></td>
<td><span class=""defaultFont""></span></td>
<td> </td>
<td> </td>
<td> </td>
</tr>
<tr>
<td><span class=""defaultFont""><strong>HIN</strong></span></td>
<td><span class=""defaultFont"">MBCPVEN4J820</span></td>
<td> </td>
<td><span class=""defaultFont""><strong>Case Open Date:</strong></span></td>
<td><span class=""defaultFont"">11/29/2022</span></td>
</tr>
<tr>
<td><span class=""defaultFont""><strong>Disposition:</strong></span></td>
<td><span class=""defaultFont"">Open</span></td>
<td> </td>
<td><span class=""defaultFont""><strong>Case Close Date:</strong></span></td>
<td><span class=""defaultFont""></span></td>
</tr>
<tr>
<td><span class=""defaultFont""><strong>Units</strong></span></td>
<td><span class=""defaultFont"">244</span></td>
<td> </td>
<td><span class=""defaultFont""><strong>Campaign Open Date</strong></span></td>
<td><span class=""defaultFont"">12/5/2022</span></td>
</tr>
<tr>
<td><span class=""defaultFont""><strong>Boat Type</strong></span></td>
<td><span class=""defaultFont"">12</span></td>
<td> </td>
<td><span class=""defaultFont""><strong>Campaign Close Date</strong></span></td>
<td><span class=""defaultFont""></span></td>
</tr>
<tr>
<td><span class=""defaultFont""><strong>Severity:</strong></span></td>
<td><span class=""defaultFont""></span></td>
<td> </td>
<td><span class=""defaultFont""><strong>Last Date:</strong></span></td>
<td><span class=""defaultFont"">2/7/2023</span></td>
</tr>
<tr>
<!--<td><span class=""defaultFont""><strong>Comments:</strong></span></td>
    <td colspan=""4"">&nbsp;</td>
  </tr>
  <tr>
    <td colspan=""5""><span class=""defaultFont""></span></td>-->
</tr>
</tbody></table>",NULL,6,https://uscgboating.org/content/recalls-details.php?id=22MF0615,Yes,No,3/24/2023 18:31,,0,[],No,Yes
103,Recall # 170008T by MERCURY MARINE,recall--170008t-by-mercury-marine,3/24/2023 18:31,6/9/2017,Verado 200/300 and Hi-Perf. 400R Year: 2017,ENGINE; GASOLINE,504,MERCURY MARINE,,,"<table border=""0"" cellpadding=""1"" cellspacing=""1"" width=""100%"">
<tbody><tr>
<td align=""center"" colspan=""5""><h2>ENGINE; GASOLINE</h2></td>
</tr>
<tr>
<td width=""73""> </td>
<td width=""160""> </td>
<td> </td>
<td width=""66""> </td>
<td width=""145""> </td>
</tr>
<tr>
<td><span class=""defaultFont""><strong>Number</strong></span></td>
<td><span class=""defaultFont"">170008T</span></td>
<td width=""1""> </td>
<td><span class=""defaultFont""><strong>MIC:</strong></span></td>
<td><span class=""defaultFont""></span></td>
</tr>
<tr>
<td><span class=""defaultFont""><strong>Company:</strong></span></td>
<td><span class=""defaultFont"">MERCURY MARINE</span></td>
<td> </td>
<td><span class=""defaultFont""><strong>Company Official:</strong></span></td>
<td><span class=""defaultFont"">EJ</span></td>
</tr>
<tr>
<td><span class=""defaultFont""><strong>Model Name:</strong></span></td>
<td><span class=""defaultFont"">Verado 200/300 and Hi-Perf. 400R</span></td>
<td> </td>
<td><span class=""defaultFont""><strong>Model Year:</strong></span></td>
<td><span class=""defaultFont"">2017</span></td>
</tr>
<tr>
<td><span class=""defaultFont""><strong>Problem 1:</strong></span></td>
<td><span class=""defaultFont"">ENGINE; GASOLINE</span></td>
<td> </td>
<td> </td>
<td> </td>
</tr>
<tr>
<td><span class=""defaultFont""><strong>Problem 2:</strong></span></td>
<td><span class=""defaultFont""></span></td>
<td> </td>
<td> </td>
<td> </td>
</tr>
<tr>
<td><span class=""defaultFont""><strong>HIN</strong></span></td>
<td><span class=""defaultFont"">2B403255</span></td>
<td> </td>
<td><span class=""defaultFont""><strong>Case Open Date:</strong></span></td>
<td><span class=""defaultFont"">6/9/2017</span></td>
</tr>
<tr>
<td><span class=""defaultFont""><strong>Disposition:</strong></span></td>
<td><span class=""defaultFont"">Open</span></td>
<td> </td>
<td><span class=""defaultFont""><strong>Case Close Date:</strong></span></td>
<td><span class=""defaultFont""></span></td>
</tr>
<tr>
<td><span class=""defaultFont""><strong>Units</strong></span></td>
<td><span class=""defaultFont"">504</span></td>
<td> </td>
<td><span class=""defaultFont""><strong>Campaign Open Date</strong></span></td>
<td><span class=""defaultFont"">6/9/2017</span></td>
</tr>
<tr>
<td><span class=""defaultFont""><strong>Boat Type</strong></span></td>
<td><span class=""defaultFont""></span></td>
<td> </td>
<td><span class=""defaultFont""><strong>Campaign Close Date</strong></span></td>
<td><span class=""defaultFont""></span></td>
</tr>
<tr>
<td><span class=""defaultFont""><strong>Severity:</strong></span></td>
<td><span class=""defaultFont""></span></td>
<td> </td>
<td><span class=""defaultFont""><strong>Last Date:</strong></span></td>
<td><span class=""defaultFont"">3/6/2023</span></td>
</tr>
<tr>
<!--<td><span class=""defaultFont""><strong>Comments:</strong></span></td>
    <td colspan=""4"">&nbsp;</td>
  </tr>
  <tr>
    <td colspan=""5""><span class=""defaultFont""></span></td>-->
</tr>
</tbody></table>",NULL,6,https://uscgboating.org/content/recalls-details.php?id=170008T,Yes,No,3/24/2023 18:31,,0,[],No,Yes
104,Recall # 150005T by MERCURY MARINE,recall--150005t-by-mercury-marine,3/24/2023 18:31,5/5/2015,Verado 250/300 Year: ,steering,1179,MERCURY MARINE,,,"<table border=""0"" cellpadding=""1"" cellspacing=""1"" width=""100%"">
<tbody><tr>
<td align=""center"" colspan=""5""><h2>steering</h2></td>
</tr>
<tr>
<td width=""73""> </td>
<td width=""160""> </td>
<td> </td>
<td width=""66""> </td>
<td width=""145""> </td>
</tr>
<tr>
<td><span class=""defaultFont""><strong>Number</strong></span></td>
<td><span class=""defaultFont"">150005T</span></td>
<td width=""1""> </td>
<td><span class=""defaultFont""><strong>MIC:</strong></span></td>
<td><span class=""defaultFont""></span></td>
</tr>
<tr>
<td><span class=""defaultFont""><strong>Company:</strong></span></td>
<td><span class=""defaultFont"">MERCURY MARINE</span></td>
<td> </td>
<td><span class=""defaultFont""><strong>Company Official:</strong></span></td>
<td><span class=""defaultFont"">EJ</span></td>
</tr>
<tr>
<td><span class=""defaultFont""><strong>Model Name:</strong></span></td>
<td><span class=""defaultFont"">Verado 250/300</span></td>
<td> </td>
<td><span class=""defaultFont""><strong>Model Year:</strong></span></td>
<td><span class=""defaultFont""></span></td>
</tr>
<tr>
<td><span class=""defaultFont""><strong>Problem 1:</strong></span></td>
<td><span class=""defaultFont"">steering</span></td>
<td> </td>
<td> </td>
<td> </td>
</tr>
<tr>
<td><span class=""defaultFont""><strong>Problem 2:</strong></span></td>
<td><span class=""defaultFont""></span></td>
<td> </td>
<td> </td>
<td> </td>
</tr>
<tr>
<td><span class=""defaultFont""><strong>HIN</strong></span></td>
<td><span class=""defaultFont"">N/A</span></td>
<td> </td>
<td><span class=""defaultFont""><strong>Case Open Date:</strong></span></td>
<td><span class=""defaultFont"">5/5/2015</span></td>
</tr>
<tr>
<td><span class=""defaultFont""><strong>Disposition:</strong></span></td>
<td><span class=""defaultFont"">Open</span></td>
<td> </td>
<td><span class=""defaultFont""><strong>Case Close Date:</strong></span></td>
<td><span class=""defaultFont""></span></td>
</tr>
<tr>
<td><span class=""defaultFont""><strong>Units</strong></span></td>
<td><span class=""defaultFont"">1179</span></td>
<td> </td>
<td><span class=""defaultFont""><strong>Campaign Open Date</strong></span></td>
<td><span class=""defaultFont"">5/5/2015</span></td>
</tr>
<tr>
<td><span class=""defaultFont""><strong>Boat Type</strong></span></td>
<td><span class=""defaultFont"">31</span></td>
<td> </td>
<td><span class=""defaultFont""><strong>Campaign Close Date</strong></span></td>
<td><span class=""defaultFont""></span></td>
</tr>
<tr>
<td><span class=""defaultFont""><strong>Severity:</strong></span></td>
<td><span class=""defaultFont""></span></td>
<td> </td>
<td><span class=""defaultFont""><strong>Last Date:</strong></span></td>
<td><span class=""defaultFont"">3/6/2023</span></td>
</tr>
<tr>
<!--<td><span class=""defaultFont""><strong>Comments:</strong></span></td>
    <td colspan=""4"">&nbsp;</td>
  </tr>
  <tr>
    <td colspan=""5""><span class=""defaultFont""></span></td>-->
</tr>
</tbody></table>",NULL,6,https://uscgboating.org/content/recalls-details.php?id=150005T,Yes,No,3/24/2023 18:31,,0,[],No,Yes
40I</span></span></span></span></span></span></span></span></p>,,,,,,,,,,,,,,,,,,,,,,
</td>,,,,,,,,,,,,,,,,,,,,,,
<td>,,,,,,,,,,,,,,,,,,,,,,
<p><span><span><span><span><span><span><span><span>10/31/2021</span></span></span></span></span></span></span></span></p>,,,,,,,,,,,,,,,,,,,,,,
200,Gilster-Mary Lee Corp. Issues a Recall for Undeclared Milk Allergen in HyVee Hamburger Chili Macaroni Skillet Meal,gilster-mary-lee-corp-issues-a-recall-for-undeclared-milk-allergen-in-hyvee-hamburger-chili-macaroni-skillet-meal,3/30/2023 18:52,3/29/2023,Hamburger Chili Macaroni Skillet Meal,Undeclared Milk Allergen,,Gilster-Mary Lee Corp.,"[""Consumers:<br/>Gilster Mary Lee Corporation<br/> 1-800-851-5371 ext. 32301;  618-826-2361 EXT. 32301<br/>"", ""Media:<br/>""]","[{""title"": """", ""src"": ""https://www.fda.gov/files/styles/recall_image_small/public/image-1_236.jpg?itok=3aVM-h13""}]","
<h2>Summary</h2>
<div class=""inset-column"">
<dl class=""lcds-description-list--grid"">
<dt class=""cell-1_1"">Company Announcement Date:</dt>
<dd class=""cell-2_1""><time datetime=""2023-03-28T04:00:00Z"">March 28, 2023</time>
</dd>
<dt class=""cell-1_2"">FDA Publish Date:</dt>
<dd class=""cell-2_2""><time datetime=""2023-03-29T04:00:00Z"">March 29, 2023</time>
</dd>
<dt class=""cell-1_3"">Product Type:</dt>
<dd class=""cell-2_3"">Food &amp; Beverages                          
            
            
            
            
            
            
            
             
            
            
            
              
            
            
                          </dd>
<dt class=""cell-1_4"">Reason for Announcement:</dt>
<dd class=""cell-2_4"">
<div class=""field field--name-field-recall-reason-description field--type-string field--label-above"">
<div class=""field--label"">Recall Reason Description</div>
<div class=""field--item"">Undeclared Milk Allergen</div>
</div>
</dd>
<dt class=""cell-1_5"">Company Name:</dt>
<dd class=""cell-2_5"">Gilster-Mary Lee Corp.</dd>
<dt class=""cell-1_6"">Brand Name:</dt>
<dd class=""cell-2_6"">
<div class=""field field--name-field-brand-name field--type-entity-reference field--label-inline"">
<div class=""field--label"">Brand Name(s)</div>
<div class=""field--items"">
<div class=""field--item"">HyVee</div>
</div>
</div>
</dd>
<dt class=""cell-1_7"">Product Description:</dt>
<dd class=""cell-2_7"">
<div class=""field field--name-field-product-description field--type-string field--label-above"">
<div class=""field--label"">Product Description</div>
<div class=""field--items"">
<div class=""field--item"">Hamburger Chili Macaroni Skillet Meal</div>
</div>
</div>
</dd>
</dl>
</div>
<hr/>
<h2 id=""recall-announcement"">Company Announcement</h2>
<p>FOR IMMEDIATE RELEASE – March 28, 2023 - Gilster Mary Lee, 10 Industrial Park, Steeleville Illinois is recalling one lot of HyVee Hamburger Chili Macaroni Skillet Meal, UPC 75450-08552 at the consumer level because it may contain undeclared milk. People who have an allergy or severe sensitivity to milk run the risk of a serious life- threating allergic reaction if they consume this product.</p>
<p>The only lot involved is HyVee Hamburger Chili Macaroni Skillet Meal, packaged in 5.2-oz. cartons which have a Best By date of FEB 08 24 Y18 (UPC# 75450-08552). Consumers should return the product to the store for a full refund or discard it.</p>
<p>The recalled product was sold at HyVee Retail Stores and Dollar Fresh Market Stores in Iowa, Illinois, Missouri, Kansas, Nebraska, South Dakota, Minnesota and Wisconsin. Gilster-Mary Lee Corp. became aware of the mispackaging after receiving an email from a customer. No illnesses have been reported to date in connection with this product.</p>
<p>For questions, consumers can call Gilster Mary Lee Corporation at 1-800-851-5371 ext. 32301 or 618-826-2361 EXT. 32301 from 7:00am to 4:30pm CST Monday-Friday.</p>
<div class=""inset-column"">
<hr/>
<h2>Company Contact Information</h2>
<div class=""row"">
<div class=""col-xs-12 col-md-6"">
<dl>
<dt>Consumers:</dt>
<dd>Gilster Mary Lee Corporation</dd>
<dd><span aria-hidden=""true"" class=""fa fa-phone""></span> 1-800-851-5371 ext. 32301;  618-826-2361 EXT. 32301</dd>
</dl>
</div>
<div class=""col-xs-12 col-md-6"">
<dl>
</dl>
</div>
</div>
</div>
<hr/>

",NULL,1,https://www.fda.gov/safety/recalls-market-withdrawals-safety-alerts/gilster-mary-lee-corp-issues-recall-undeclared-milk-allergen-hyvee-hamburger-chili-macaroni-skillet,Yes,No,3/30/2023 18:52,,0,Food & Beverages,No,Yes
201,Salento Organics Issues Allergy Alert on Undeclared Milk in Dark Chocolate Fruit and Peanut Bites,salento-organics-issues-allergy-alert-on-undeclared-milk-in-dark-chocolate-fruit-and-peanut-bites,3/30/2023 18:52,3/29/2023,Various Dark Chocolate Fruit and Peanut Bites,Undeclared Milk,,Salento Organics,"[""Consumers:<br/> 561-402-8232<br/> hello@salentorganics.com<br/>"", ""Media:<br/>""]","[{""title"": """", ""src"": ""https://www.fda.gov/files/styles/recall_image_small/public/Image%201_48.png?itok=6FIgiLkW""}, {""title"": """", ""src"": ""https://www.fda.gov/files/styles/recall_image_small/public/Image%202_26.png?itok=6ivOT8nS""}, {""title"": """", ""src"": ""https://www.fda.gov/files/styles/recall_image_small/public/Image%203_19.png?itok=NbDe1FuR""}, {""title"": """", ""src"": ""https://www.fda.gov/files/styles/recall_image_small/public/Image%204_12.png?itok=0wSsUA1G""}, {""title"": """", ""src"": ""https://www.fda.gov/files/styles/recall_image_small/public/Image%205_6.png?itok=P2ZLbspo""}, {""title"": """", ""src"": ""https://www.fda.gov/files/styles/recall_image_small/public/Image%206_4.png?itok=A1UeYJ56""}]","
<h2>Summary</h2>
<div class=""inset-column"">
<dl class=""lcds-description-list--grid"">
<dt class=""cell-1_1"">Company Announcement Date:</dt>
<dd class=""cell-2_1""><time datetime=""2023-03-29T21:16:00Z"">March 29, 2023</time>
</dd>
<dt class=""cell-1_2"">FDA Publish Date:</dt>
<dd class=""cell-2_2""><time datetime=""2023-03-29T04:00:00Z"">March 29, 2023</time>
</dd>
<dt class=""cell-1_3"">Product Type:</dt>
<dd class=""cell-2_3"">Food &amp; Beverages                          
            
            
            
            
            
            
                          <br/>Snack Food Item
                                                                                                                                                                                                                                                                                                                                                                                                                                                                                                                                                                                                          
              
              <br/>Allergens
                                                                                                                                                                                                                                                                                                                                                                                                                                                                                                                                                                                                          
            
            
            
              
            
            
                          </dd>
<dt class=""cell-1_4"">Reason for Announcement:</dt>
<dd class=""cell-2_4"">
<div class=""field field--name-field-recall-reason-description field--type-string field--label-above"">
<div class=""field--label"">Recall Reason Description</div>
<div class=""field--item"">Undeclared Milk</div>
</div>
</dd>
<dt class=""cell-1_5"">Company Name:</dt>
<dd class=""cell-2_5"">Salento Organics</dd>
<dt class=""cell-1_6"">Brand Name:</dt>
<dd class=""cell-2_6"">
<div class=""field field--name-field-brand-name field--type-entity-reference field--label-inline"">
<div class=""field--label"">Brand Name(s)</div>
<div class=""field--items"">
<div class=""field--item"">Salento Organics</div>
</div>
</div>
</dd>
<dt class=""cell-1_7"">Product Description:</dt>
<dd class=""cell-2_7"">
<div class=""field field--name-field-product-description field--type-string field--label-above"">
<div class=""field--label"">Product Description</div>
<div class=""field--items"">
<div class=""field--item""> Various Dark Chocolate Fruit and Peanut Bites</div>
</div>
</div>
</dd>
</dl>
</div>
<hr/>
<h2 id=""recall-announcement"">Company Announcement</h2>
<p>Salento Organics of West Palm Beach, Florida is recalling its 4 ounce packages of Dark Chocolate Pitaya Bites, Dark Chocolate Goldenberry Bites, Dark Chocolate Mango Bites, Dark Chocolate Banana Bites, Dark Chocolate Pineapple Bites and Dark Chocolate Peanut Bites because they may contain undeclared milk.</p>
<p>People who have allergies to milk run the risk of serious or life-threatening allergic reaction if they consume these products.</p>
<p>The recalled Salento Organics products were distributed nationwide in retail stores and through mail orders.</p>
<p>The products recalled are:</p>
<div class=""inset-column"">
<table class=""table table-bordered table-striped table-condensed""><thead><tr><th scope=""col"">
<p align=""center""><strong>Brand </strong></p>
</th>
<th scope=""col"">
<p align=""center""><strong>Product </strong></p>
</th>
<th scope=""col"">
<p align=""center""><strong>UPC </strong></p>
</th>
<th scope=""col"">
<p align=""center""><strong>Lot </strong></p>
</th>
<th scope=""col"">
<p align=""center""><strong>Best By </strong></p>
</th>
</tr></thead><tbody><tr><td rowspan=""24"">Salento Organics</td>
<td rowspan=""2"">Dark Chocolate Pitaya Bites</td>
<td rowspan=""2"">8-60006-27410-0</td>
<td>0322-14</td>
<td>2/1/2024</td>
</tr><tr><td>0422-14</td>
<td>2/1/2024</td>
</tr><tr><td rowspan=""2"">Dark Chocolate Goldenberry<br/>
			Bites</td>
<td rowspan=""2"">8-60006-27411-4</td>
<td>0322-12</td>
<td>2/1/2024</td>
</tr><tr><td>0422-12</td>
<td>2/1/2024</td>
</tr><tr><td rowspan=""5"">Dark Chocolate Mango Bites</td>
<td rowspan=""5"">8-60006-27412-2</td>
<td>0322-10</td>
<td>2/1/2024</td>
</tr><tr><td>0422-10</td>
<td>2/1/2024</td>
</tr><tr><td>0722-10</td>
<td>5/1/2024</td>
</tr><tr><td>1122-10</td>
<td>5/1/2024</td>
</tr><tr><td>&gt;0123-10</td>
<td>1/1/2025</td>
</tr><tr><td rowspan=""4"">Dark Chocolate Banana Bites</td>
<td rowspan=""4"">8-60006-27414-6</td>
<td>0322-13</td>
<td>2/1/2024</td>
</tr><tr><td>0422-13</td>
<td>2/1/2024</td>
</tr><tr><td>0722-13</td>
<td>5/1/2024</td>
</tr><tr><td>1122-13</td>
<td>5/1/2024</td>
</tr><tr><td> </td>
<td> </td>
<td>0123-13</td>
<td>1/1/2025</td>
</tr><tr><td rowspan=""5"" width=""215"">
<p align=""center"">Dark Chocolate Pineapple Bites</p>
</td>
<td rowspan=""5"" width=""119"">
<p>8-60006-27413-9</p>
</td>
<td>0322-11</td>
<td>2/1/2024</td>
</tr><tr><td>0422-11</td>
<td>2/1/2024</td>
</tr><tr><td>0722-11</td>
<td>5/1/2024</td>
</tr><tr><td>1122-11</td>
<td>5/1/2024</td>
</tr><tr><td>0123-11</td>
<td>1/1/2025</td>
</tr><tr><td rowspan=""5"">Dark Chocolate Peanut Bites</td>
<td rowspan=""5"">8-60006-27415-3</td>
<td>0322-15</td>
<td>2/1/2024</td>
</tr><tr><td>0422-15</td>
<td>2/1/2024</td>
</tr><tr><td>0722-15</td>
<td>5/1/2024</td>
</tr><tr><td>1122-15</td>
<td>5/1/2024</td>
</tr><tr><td>0123-15</td>
<td>1/1/2025</td>
</tr></tbody></table></div>
<p>No illnesses have been reported to date in connection with this problem.</p>
<p>The recall was initiated after it was discovered that the milk-containing product was distributed in packaging that did not reveal the presence of milk.</p>
<p>Subsequent investigation indicates the problem was caused by a temporary breakdown in the company's production and packaging processes.</p>
<p>Production of the product has been suspended until FDA and the company are certain that the problem has been corrected.</p>
<p>Consumers who have purchased 4 ounce packages of Dark Chocolate Fruit and Peanut Bites, listed above are urged to return them to the place of purchase for a full refund.</p>
<p>Consumers with questions may contact the company at <a href=""mailto:hello@salentorganics.com"">hello@salentorganics.com</a> or calling at 561-402-8232, operational hours 9am EST – 5pm EST.</p>
<div class=""inset-column"">
<hr/>
<h2>Company Contact Information</h2>
<div class=""row"">
<div class=""col-xs-12 col-md-6"">
<dl>
<dt>Consumers:</dt>
<dd><span aria-hidden=""true"" class=""fa fa-phone""></span> 561-402-8232</dd>
<dd><span aria-hidden=""true"" class=""fa fa-envelope""></span><a href=""mailto:hello@salentorganics.com""> hello@salentorganics.com</a></dd>
</dl>
</div>
<div class=""col-xs-12 col-md-6"">
<dl>
</dl>
</div>
</div>
</div>
<hr/>

",NULL,1,https://www.fda.gov/safety/recalls-market-withdrawals-safety-alerts/salento-organics-issues-allergy-alert-undeclared-milk-dark-chocolate-fruit-and-peanut-bites,Yes,No,3/30/2023 18:52,,0,"Food & Beverages, Allergens, Snack Food Item",No,Yes
202,"North American Food Distributing Company, Inc. Issues Allergy Alert on Undeclared Soy in 16.9 Fl Oz of Kagome Worcester Sauce and 16.9 Fl Oz of Kagome Chuno Sauce",north-american-food-distributing-company-inc-issues-allergy-alert-on-undeclared-soy-in-169-fl-oz-of-kagome-worcester-sauce-and-169-fl-oz-of-kagome-chuno-sauce,3/30/2023 18:52,3/29/2023,Worcester Sauce; Chuno Sauce,Undeclared Soy,,"North American Food Distributing Company, Inc.","[""Consumers:<br/>North American Food Distributing Company, Inc.<br/> 1-916-373-1111<br/>"", ""Media:<br/>""]","[{""title"": """", ""src"": ""https://www.fda.gov/files/styles/recall_image_small/public/Image%203_18.png?itok=q4g0RJO7""}, {""title"": """", ""src"": ""https://www.fda.gov/files/styles/recall_image_small/public/Image%204_10.png?itok=LZXTW3kx""}, {""title"": """", ""src"": ""https://www.fda.gov/files/styles/recall_image_small/public/Image%202_25.png?itok=9ykurixy""}, {""title"": """", ""src"": ""https://www.fda.gov/files/styles/recall_image_small/public/Image%201_47.png?itok=8mUG3HEY""}]","
<h2>Summary</h2>
<div class=""inset-column"">
<dl class=""lcds-description-list--grid"">
<dt class=""cell-1_1"">Company Announcement Date:</dt>
<dd class=""cell-2_1""><time datetime=""2023-03-28T04:00:00Z"">March 28, 2023</time>
</dd>
<dt class=""cell-1_2"">FDA Publish Date:</dt>
<dd class=""cell-2_2""><time datetime=""2023-03-29T04:00:00Z"">March 29, 2023</time>
</dd>
<dt class=""cell-1_3"">Product Type:</dt>
<dd class=""cell-2_3"">Food &amp; Beverages                          
            
            
            
            
            
            
                          <br/>Gravy/Sauces
                                                                                                                                                                                                                                                                                                                                                                                                                                                                                                                                                                                                          
              
              <br/>Allergens
                                                                                                                                                                                                                                                                                                                                                                                                                                                                                                                                                                                                          
            
            
            
              
            
            
                          </dd>
<dt class=""cell-1_4"">Reason for Announcement:</dt>
<dd class=""cell-2_4"">
<div class=""field field--name-field-recall-reason-description field--type-string field--label-above"">
<div class=""field--label"">Recall Reason Description</div>
<div class=""field--item"">Undeclared Soy</div>
</div>
</dd>
<dt class=""cell-1_5"">Company Name:</dt>
<dd class=""cell-2_5"">North American Food Distributing Company, Inc.</dd>
<dt class=""cell-1_6"">Brand Name:</dt>
<dd class=""cell-2_6"">
<div class=""field field--name-field-brand-name field--type-entity-reference field--label-inline"">
<div class=""field--label"">Brand Name(s)</div>
<div class=""field--items"">
<div class=""field--item"">Kagome</div>
</div>
</div>
</dd>
<dt class=""cell-1_7"">Product Description:</dt>
<dd class=""cell-2_7"">
<div class=""field field--name-field-product-description field--type-string field--label-above"">
<div class=""field--label"">Product Description</div>
<div class=""field--items"">
<div class=""field--item"">Worcester Sauce; Chuno Sauce</div>
</div>
</div>
</dd>
</dl>
</div>
<hr/>
<h2 id=""recall-announcement"">Company Announcement</h2>
<p><strong>North American Food Distributing Company, Inc</strong> of <strong>West Sacramento, Ca</strong> is recalling <strong>16.9 fl oz of Kagome Worcester Sauce and 16.9 fl oz of Kagome Chuno Sauce,</strong> because it may contain undeclared <strong>Soy</strong>. People who have an allergy or severe sensitivity to <strong>Soy or Soy products</strong> run the risk of serious or lifethreatening allergic reaction if they consume these products.</p>
<p><strong>16.9 fl oz of Kagome Worcester Sauce and 16.9 fl oz of Kagome Chuno Sauce</strong> was distributed in <strong>Northern California</strong> through retail grocery stores throughout the area.</p>
<p>The products are identified as:</p>
<ol><li>Brand: Kagome, Type: The Worchester Sauce, Size: 16.9 fl oz plastic bottle, UPC code: 4901306097502</li>
<li>Brand: Kagome, Type: The Chuno Sauce, Size: 16.9 fl oz plastic bottle, UPC code: 4901306097519</li>
</ol><p>At this moment, No illnesses have been reported to date.</p>
<p>The recall was initiated after it was discovered that product containing Soy was distributed in packaging that did not reveal the presence of Soy allergen</p>
<p>Information on what consumers should do with the product and where they can get additional information (e.g., ""consumers who have purchased Kagome are urged to return it to the place of purchase for a full refund. Consumers with questions may contact the company at 1-916-373-1111)</p>
<div class=""inset-column"">
<hr/>
<h2>Company Contact Information</h2>
<div class=""row"">
<div class=""col-xs-12 col-md-6"">
<dl>
<dt>Consumers:</dt>
<dd>North American Food Distributing Company, Inc.</dd>
<dd><span aria-hidden=""true"" class=""fa fa-phone""></span> 1-916-373-1111</dd>
</dl>
</div>
<div class=""col-xs-12 col-md-6"">
<dl>
</dl>
</div>
</div>
</div>
<hr/>

",NULL,1,https://www.fda.gov/safety/recalls-market-withdrawals-safety-alerts/north-american-food-distributing-company-inc-issues-allergy-alert-undeclared-soy-169-fl-oz-kagome,Yes,No,3/30/2023 18:52,,0,"Food & Beverages, Allergens, Gravy/Sauces",No,Yes
203,"Jarman’s Midwest Cleaning Systems, Inc. Issues Voluntary Nationwide Recall of Alcohol Antiseptic 80% Topical Solution Hand Sanitizer Non-sterile Solution and Isopropyl Alcohol Antiseptic 75% Topical Solution Hand Sanitizer Non-sterile Solution Due to Presence of Methanol",jarmans-midwest-cleaning-systems-inc-issues-voluntary-nationwide-recall-of-alcohol-antiseptic-80-topical-solution-hand-sanitizer-non-sterile-solution-and-isopropyl-alcohol-antiseptic-75-topical-solution-hand-sanitizer-non-sterile-solution-due-to-presence-of-methanol,3/30/2023 18:52,3/28/2023,Alcohol Antiseptic 80% Topical Solution Hand Sanitizer Non-sterile Solution; Isopropyl Alcohol Antiseptic 75% Topical Solution Hand Sanitizer Non-sterile Solution,Due to Presence of Methanol,,"Jarman’s Midwest Cleaning Systems, Inc.","[""Consumers:<br/>Jarman\u2019s Midwest Cleaning System\u2019s Inc.<br/> 1-800-288-0741<br/> recall@mwcleaningsolutions.com<br/>"", ""Media:<br/>""]","[{""title"": """", ""src"": ""https://www.fda.gov/files/styles/recall_image_small/public/image-1_233.jpg?itok=YoFkwb7Y""}, {""title"": """", ""src"": ""https://www.fda.gov/files/styles/recall_image_small/public/image-2_152.jpg?itok=obZh_63K""}]","
<h2>Summary</h2>
<div class=""inset-column"">
<dl class=""lcds-description-list--grid"">
<dt class=""cell-1_1"">Company Announcement Date:</dt>
<dd class=""cell-2_1""><time datetime=""2023-03-27T04:00:00Z"">March 27, 2023</time>
</dd>
<dt class=""cell-1_2"">FDA Publish Date:</dt>
<dd class=""cell-2_2""><time datetime=""2023-03-28T04:00:00Z"">March 28, 2023</time>
</dd>
<dt class=""cell-1_3"">Product Type:</dt>
<dd class=""cell-2_3"">Drugs                          
            
            
            
            
            
            
            
             
            
            
            
              
            
            
                          </dd>
<dt class=""cell-1_4"">Reason for Announcement:</dt>
<dd class=""cell-2_4"">
<div class=""field field--name-field-recall-reason-description field--type-string field--label-above"">
<div class=""field--label"">Recall Reason Description</div>
<div class=""field--item"">Due to Presence of Methanol</div>
</div>
</dd>
<dt class=""cell-1_5"">Company Name:</dt>
<dd class=""cell-2_5"">Jarman’s Midwest Cleaning Systems, Inc.</dd>
<dt class=""cell-1_6"">Brand Name:</dt>
<dd class=""cell-2_6"">
<div class=""field field--name-field-brand-name field--type-entity-reference field--label-inline"">
<div class=""field--label"">Brand Name(s)</div>
<div class=""field--items"">
<div class=""field--item"">Midwest Cleaning Solutions, Clean Pro Supply</div>
</div>
</div>
</dd>
<dt class=""cell-1_7"">Product Description:</dt>
<dd class=""cell-2_7"">
<div class=""field field--name-field-product-description field--type-string field--label-above"">
<div class=""field--label"">Product Description</div>
<div class=""field--items"">
<div class=""field--item""> Alcohol Antiseptic 80% Topical Solution Hand Sanitizer Non-sterile Solution; Isopropyl Alcohol Antiseptic 75% Topical Solution Hand Sanitizer Non-sterile Solution</div>
</div>
</div>
</dd>
</dl>
</div>
<hr/>
<h2 id=""recall-announcement"">Company Announcement</h2>
<p><strong>FOR IMMEDIATE RELEASE – 3/27/2023 – </strong>Canton, SD, Jarman’s Midwest Cleaning Systems, Inc. is voluntarily recalling all lots of Alcohol Antiseptic 80% Topical Solution Hand Sanitizer Non-sterile Solution and Isopropyl Alcohol Antiseptic 75% Topical Solution Hand Sanitizer Non-sterile Solution to the consumer level. FDA testing found the presence of methanol.</p>
<p><strong>Risk Statement:</strong> Substantial methanol exposure can result in nausea, vomiting, headache blurred vision, coma, seizures, permanent blindness, permanent damage to the central nervous system, or death. Although all persons using these products on their hands are at risk, young children who accidently ingest these products and adolescents and adults who drink these products as an alcohol (ethanol) substitute are most at risk for methanol poisoning. To date, Jarman’s Midwest Cleaning System’s Inc. has not received any reports of adverse events related to these products.</p>
<p>Alcohol Antiseptic 80% Topical Solution Hand Sanitizer Non-sterile Solution and Isopropyl Alcohol Antiseptic 75% Topical Solution Hand Sanitizer Non-sterile Solution are used as hand sanitizers and marketed to help decrease bacteria on the skin when soap and water are not available. The products are packaged in 1-gallon clear or white plastic bottles. The product may have been purchased by the 1-gallon bottle, or by the case which contains 4 of the 1-gallon bottles per box. Product information:</p>
<div class=""inset-column"">
<div class=""table-responsive"">
<table class=""table table-bordered table-striped""><!--—Normal Table Content ----><tbody><tr><td colspan=""4""><strong>Alcohol Antiseptic 80% Topical Solution Hand Sanitizer<br/>
			Non-sterile Solution</strong></td>
</tr><tr><td>Manufacturer / Distributer</td>
<td>DOM</td>
<td>NDC</td>
<td>Volume</td>
</tr><tr><td>Midwest Cleaning Solutions<br/>
			404 Noid Rd, Canton SD 57013<br/>
			800-288-0741</td>
<td>24 MAR through<br/>
			18DEC2020</td>
<td>None</td>
<td>3.785 L</td>
</tr><tr><td>Clean Pro Supply, LLC<br/>
			1533 Lyell Ave, Rochester, NY 14606<br/>
			585-623-5075</td>
<td>24MAR2020 through<br/>
			18DEC2020</td>
<td>77518-200-01</td>
<td>1 Gallon,<br/>
			128 fl oz,<br/>
			3785 mL</td>
</tr><tr><td colspan=""4""><strong>Isopropyl Alcohol Antiseptic 75% Topical Solution Hand Sanitizer<br/>
			Non-sterile Solution</strong></td>
</tr><tr><td>Manufacturer / Distributer</td>
<td>DOM</td>
<td>NDC</td>
<td>Volume</td>
</tr><tr><td>Midwest Cleaning Solutions<br/>
			404 Noid Rd, Canton SD 57013<br/>
			800-288-0741</td>
<td>24MAR2020 through<br/>
			18DEC2020</td>
<td>74663-002-01</td>
<td>3.785 L</td>
</tr></tbody></table></div>
</div>
<p>Jarman’s Midwest Cleaning System’s Inc. is notifying its distributors by voluntary recall letters and consumers via this press release. Consumers that have the recalled products Alcohol Antiseptic 80% Topical Solution Hand Sanitizer Non-sterile Solution and Isopropyl Alcohol Antiseptic 75% Topical Solution Hand Sanitizer Non-sterile Solution should stop using and either dispose of it in accordance with local ordinances, or contact Jarman’s Midwest Cleaning Systems, Inc. for returns at 1-800-288-0741 Monday – Friday 8:30 am to 5 pm Central Time or <a href=""mailto:recall@mwcleaningsolutions.com"">recall@mwcleaningsolutions.com</a>.</p>
<p>Consumers with questions regarding this recall can contact Jarman’s Midwest Cleaning System’s Inc. at <a href=""mailto:recall@mwcleaningsolutions.com"">recall@mwcleaningsolutions.com</a> or 1-800-288-0741 Monday – Friday 8:30 am to 5 pm Central Time. Consumers should contact their healthcare provider if they have experienced any health concerns that may be related to using these products.</p>
<p>Adverse reactions or quality problems experienced with the use of this product may be reported to the FDA's MedWatch Adverse Event Reporting program either online, by regular mail or by fax.</p>
<ul><li>Complete and submit the report online at <a data-entity-substitution=""canonical"" data-entity-type=""node"" data-entity-uuid=""30cfb1be-3244-4fd7-a804-9647e3551562"" href=""/safety/medwatch-fda-safety-information-and-adverse-event-reporting-program/reporting-serious-problems-fda"" title=""Reporting Serious Problems to FDA"">www.fda.gov/medwatch/report.htm</a></li>
<li>Download form at <a data-entity-substitution=""canonical"" data-entity-type=""node"" data-entity-uuid=""cbd5f29e-012d-4a51-b896-ee98e5cbac62"" href=""/safety/medical-product-safety-information/medwatch-forms-fda-safety-reporting"" title=""MedWatch Forms for FDA Safety Reporting"">www.fda.gov/MedWatch/getforms.htm</a> or call 1-800-332-1088 to request a reporting form, then complete and return to the address on the pre-addressed form, or submit by fax to 1-800-FDA-0178</li>
</ul><p>This recall is being conducted with the knowledge of the U.S. Food and Drug Administration.</p>
<div class=""inset-column"">
<hr/>
<h2>Company Contact Information</h2>
<div class=""row"">
<div class=""col-xs-12 col-md-6"">
<dl>
<dt>Consumers:</dt>
<dd>Jarman’s Midwest Cleaning System’s Inc.</dd>
<dd><span aria-hidden=""true"" class=""fa fa-phone""></span> 1-800-288-0741</dd>
<dd><span aria-hidden=""true"" class=""fa fa-envelope""></span><a href=""mailto:recall@mwcleaningsolutions.com""> recall@mwcleaningsolutions.com</a></dd>
</dl>
</div>
<div class=""col-xs-12 col-md-6"">
<dl>
</dl>
</div>
</div>
</div>
<hr/>

",NULL,1,https://www.fda.gov/safety/recalls-market-withdrawals-safety-alerts/jarmans-midwest-cleaning-systems-inc-issues-voluntary-nationwide-recall-alcohol-antiseptic-80,Yes,No,3/30/2023 18:52,,0,Drugs,No,Yes
204,Second Nature Brands Issues Allergy Alert on Undeclared Wheat in Gluten Free Reese’s Pieces Brownie Brittle,second-nature-brands-issues-allergy-alert-on-undeclared-wheat-in-gluten-free-reeses-pieces-brownie-brittle,3/30/2023 18:52,3/23/2023,Gluten Free Reese’s Pieces Brownie Brittle,Undeclared Wheat,,Second Nature Brands,"[""Consumers:<br/>Second Nature Brands<br/> (800) 651-7263<br/> recall@browniebrittle.com<br/>"", ""Media:<br/>Matt Friedman <br/> (248) 762-1430<br/>""]","[{""title"": """", ""src"": ""https://www.fda.gov/files/styles/recall_image_small/public/RES%2091942-image-1.jpg?itok=1caqmYyC""}, {""title"": """", ""src"": ""https://www.fda.gov/files/styles/recall_image_small/public/RES%2091942-image-2.jpg?itok=JCnHgrYn""}]","
<h2>Summary</h2>
<div class=""inset-column"">
<dl class=""lcds-description-list--grid"">
<dt class=""cell-1_1"">Company Announcement Date:</dt>
<dd class=""cell-2_1""><time datetime=""2023-03-23T23:00:00Z"">March 23, 2023</time>
</dd>
<dt class=""cell-1_2"">FDA Publish Date:</dt>
<dd class=""cell-2_2""><time datetime=""2023-03-23T23:00:00Z"">March 23, 2023</time>
</dd>
<dt class=""cell-1_3"">Product Type:</dt>
<dd class=""cell-2_3"">Food &amp; Beverages                          
            
            
            
            
            
            
            
             
            
            
            
              
            
            
                          </dd>
<dt class=""cell-1_4"">Reason for Announcement:</dt>
<dd class=""cell-2_4"">
<div class=""field field--name-field-recall-reason-description field--type-string field--label-above"">
<div class=""field--label"">Recall Reason Description</div>
<div class=""field--item"">Undeclared Wheat</div>
</div>
</dd>
<dt class=""cell-1_5"">Company Name:</dt>
<dd class=""cell-2_5"">Second Nature Brands</dd>
<dt class=""cell-1_6"">Brand Name:</dt>
<dd class=""cell-2_6"">
<div class=""field field--name-field-brand-name field--type-entity-reference field--label-inline"">
<div class=""field--label"">Brand Name(s)</div>
<div class=""field--items"">
<div class=""field--item"">Sheila G’s</div>
</div>
</div>
</dd>
<dt class=""cell-1_7"">Product Description:</dt>
<dd class=""cell-2_7"">
<div class=""field field--name-field-product-description field--type-string field--label-above"">
<div class=""field--label"">Product Description</div>
<div class=""field--items"">
<div class=""field--item"">Gluten Free Reese’s Pieces Brownie Brittle</div>
</div>
</div>
</dd>
</dl>
</div>
<hr/>
<h2 id=""recall-announcement"">Company Announcement</h2>
<p>Second Nature Brands of Madison Heights, MI, is recalling its 4-ounce packages of Gluten Free Reese’s Pieces Brownie Brittle because they may contain undeclared wheat.</p>
<p>People who have an allergy or severe sensitivity to wheat run the risk of serious or life-threatening allergic reaction if they consume these products.</p>
<p>The recalled Gluten Free Reese’s Pieces Brownie Brittle were distributed nationwide in retail stores and through online orders.</p>
<p>The product comes in a 4-ounce pouch UPC 711747011562 marked with lot codes SG 1054 15/NOV/2023 1S and SG 1054 15/NOV/2023 2S on the backside of pouch.</p>
<p>One illness has been reported to date in connection with this problem, to date.</p>
<p>The recall was initiated after it was discovered that the gluten-containing product was distributed in packaging that did not reveal the presence of wheat. Subsequent investigation indicates the problem was caused by cross-contamination at a co-manufacturer, resulting in undeclared wheat in the product.</p>
<p>Production of the product has been suspended until FDA and the company are certain that the problem has been corrected.</p>
<p>Consumers who have purchased 4-ounce packages of Gluten Free Reese’s Pieces Brownie Brittle with lot codes SG 1054 15/NOV/2023 1S and SG 1054 15/NOV/2023 2S should not consume the product and should contact Brownie Brittle for a full refund.</p>
<p>Consumers may contact the company by calling at (800) 651-7263 Monday-Friday from 8:30AM - 5:00PM EST or via email at <a href=""mailto:recall@browniebrittle.com"">recall@browniebrittle.com</a> Second Nature Brands is conducting this recall with the full knowledge and cooperation of the U.S. Food and Drug Administration.</p>
<div class=""inset-column"">
<hr/>
<h2>Company Contact Information</h2>
<div class=""row"">
<div class=""col-xs-12 col-md-6"">
<dl>
<dt>Consumers:</dt>
<dd>Second Nature Brands</dd>
<dd><span aria-hidden=""true"" class=""fa fa-phone""></span> (800) 651-7263</dd>
<dd><span aria-hidden=""true"" class=""fa fa-envelope""></span><a href=""mailto:recall@browniebrittle.com""> recall@browniebrittle.com</a></dd>
</dl>
</div>
<div class=""col-xs-12 col-md-6"">
<dl>
<dt>Media:</dt>
<dd>Matt Friedman </dd>
<dd><span aria-hidden=""true"" class=""fa fa-phone""></span> (248) 762-1430</dd>
</dl>
</div>
</div>
</div>
<hr/>

",NULL,1,https://www.fda.gov/safety/recalls-market-withdrawals-safety-alerts/second-nature-brands-issues-allergy-alert-undeclared-wheat-gluten-free-reeses-pieces-brownie-brittle,Yes,No,3/30/2023 18:52,,0,Food & Beverages,No,Yes
lle</td>,,,,,,,,,,,,,,,,,,,,,,
<td>Fresh Creative Cuisine</td>,,,,,,,,,,,,,,,,,,,,,,
<td>813141021847</td>,,,,,,,,,,,,,,,,,,,,,,
<td>02/06/2023 to 02/06/2023</td>,,,,,,,,,,,,,,,,,,,,,,
</tr><tr><td>Hoagie</td>,,,,,,,,,,,,,,,,,,,,,,
